alacakli_firma_id,borclu_firma_id,borc_miktari(â‚¬),vade(gun),tarih
1,74,43269.67,112,2024-04-30
1,76,90309.61,60,2024-03-01
1,112,65445.89,84,2024-01-01
1,191,40437.18,39,2024-01-01
1,199,9263.46,52,2024-01-31
1,237,29779.78,51,2024-03-31
2,45,54828.95,84,2024-03-31
2,171,28287.9,117,2024-03-31
2,244,22902.3,83,2024-01-01
3,14,53211.96,33,2024-01-31
3,23,17812.21,48,2024-01-01
3,293,80240.6,54,2024-01-31
4,77,48952.45,42,2024-01-31
4,91,57812.41,80,2024-04-30
4,111,15590.94,115,2024-01-01
5,120,33133.06,55,2024-03-31
5,188,41598.88,85,2024-01-31
5,215,81013.07,87,2024-04-30
5,252,77245.79,98,2024-03-01
6,39,23074.77,17,2024-03-01
6,154,62001.73,85,2024-04-30
6,187,25102.18,79,2024-03-31
6,194,98836.47,85,2024-03-31
6,195,95260.26,82,2024-05-30
6,198,56763.21,119,2024-05-30
6,224,70191.35,36,2024-01-01
6,291,80341.61,54,2024-03-31
7,100,72378.84,48,2024-01-31
7,195,70283.04,32,2024-01-31
7,284,95896.85,114,2024-05-30
8,6,60049.15,35,2024-03-31
8,34,63993.96,58,2024-01-01
8,51,85077.61,98,2024-01-31
8,100,67319.2,23,2024-01-01
8,197,73560.33,40,2024-03-01
8,209,24182.7,67,2024-01-01
8,215,37755.43,99,2024-03-31
8,284,15582.83,114,2024-01-31
9,82,51070.78,93,2024-01-31
9,118,46117.01,104,2024-04-30
9,145,99719.12,64,2024-03-31
10,62,61509.66,31,2024-05-30
10,79,78858.04,99,2024-03-01
10,176,34067.45,83,2024-01-31
10,182,83322.99,15,2024-05-30
10,205,61893.41,43,2024-05-30
10,229,70002.24,68,2024-05-30
10,253,30148.65,26,2024-01-01
11,63,55315.2,26,2024-04-30
11,82,63769.66,60,2024-05-30
11,198,59320.37,47,2024-01-31
11,254,91604.18,100,2024-03-01
11,280,89928.99,23,2024-01-31
12,6,97127.42,101,2024-01-01
12,41,67075.37,91,2024-03-31
12,83,97219.5,46,2024-01-31
12,125,83415.32,45,2024-04-30
12,169,27812.38,32,2024-03-31
12,199,43316.13,107,2024-05-30
12,265,24600.85,98,2024-01-31
13,2,1415.52,26,2024-01-31
13,20,19616.83,99,2024-04-30
13,29,1402.0,35,2024-01-01
13,79,72264.01,48,2024-01-31
13,106,43127.9,84,2024-01-01
13,131,31944.9,101,2024-01-31
13,160,76410.37,68,2024-03-31
13,271,83416.19,81,2024-01-31
13,274,97554.65,77,2024-03-31
14,16,64559.34,26,2024-01-31
14,17,46691.37,42,2024-03-01
14,34,31221.17,113,2024-05-30
14,65,23009.5,20,2024-04-30
14,110,22079.67,96,2024-04-30
14,113,41509.75,61,2024-04-30
14,252,99186.85,114,2024-05-30
15,16,1084.52,103,2024-01-01
15,64,20523.38,102,2024-03-01
15,239,19650.91,112,2024-03-01
15,240,71994.83,78,2024-03-31
15,242,35895.99,78,2024-01-31
15,248,46268.82,85,2024-03-01
16,11,15713.79,18,2024-03-31
16,22,41094.71,40,2024-05-30
16,28,11216.78,102,2024-03-01
16,102,53771.29,20,2024-05-30
16,251,10695.9,86,2024-03-01
16,271,79260.33,97,2024-01-01
16,290,57093.57,78,2024-05-30
17,50,72672.82,29,2024-04-30
17,89,42433.12,117,2024-03-31
17,114,38767.64,16,2024-01-01
17,115,10722.68,27,2024-04-30
17,190,52861.71,103,2024-03-31
17,228,51935.71,58,2024-01-01
17,243,47342.1,94,2024-01-01
17,246,74311.32,95,2024-01-01
17,286,83417.94,26,2024-05-30
18,6,75328.18,45,2024-01-31
18,97,15242.71,20,2024-01-01
18,115,62583.89,100,2024-03-01
18,128,8951.99,95,2024-01-01
19,3,69767.61,59,2024-03-01
19,28,38802.07,96,2024-03-01
19,44,14117.4,48,2024-03-01
19,97,86343.03,81,2024-03-01
19,169,61786.83,42,2024-05-30
20,25,36117.77,56,2024-01-01
20,78,4041.99,105,2024-04-30
20,127,54193.72,25,2024-03-01
20,300,92399.36,32,2024-03-01
21,18,60041.6,79,2024-04-30
21,82,97193.41,113,2024-04-30
21,181,14508.66,109,2024-05-30
21,202,57262.21,65,2024-01-01
21,203,80014.38,98,2024-03-31
21,238,53028.53,72,2024-04-30
21,261,10015.57,88,2024-03-01
22,56,58705.71,118,2024-03-31
22,77,61562.05,118,2024-04-30
22,100,73142.22,50,2024-04-30
22,143,76359.94,58,2024-01-31
22,263,77306.5,115,2024-01-31
23,33,66680.99,74,2024-04-30
23,36,22365.31,76,2024-03-01
23,67,41019.34,103,2024-01-31
23,69,77836.87,75,2024-01-01
23,91,95389.27,74,2024-03-01
23,95,8815.75,50,2024-05-30
23,153,54018.13,39,2024-03-01
23,205,31939.7,64,2024-03-31
23,240,23314.0,90,2024-05-30
23,266,51075.26,43,2024-05-30
24,105,61002.84,53,2024-03-01
24,137,1967.45,118,2024-05-30
24,201,78240.45,33,2024-03-31
24,257,82168.33,29,2024-05-30
24,270,96585.57,27,2024-01-31
24,292,18883.73,113,2024-03-31
25,100,59860.7,77,2024-01-01
25,150,43235.91,79,2024-05-30
25,191,34147.96,113,2024-01-01
25,221,56997.71,23,2024-05-30
25,252,78455.93,49,2024-01-01
25,276,3282.23,104,2024-03-31
25,294,96970.61,61,2024-01-01
26,86,81178.28,73,2024-03-01
26,151,75364.22,107,2024-04-30
26,185,76278.35,29,2024-01-01
26,222,39517.01,72,2024-03-01
26,236,75410.43,53,2024-01-01
26,297,39290.25,63,2024-01-31
27,23,89971.98,80,2024-05-30
27,120,18545.02,107,2024-01-31
27,122,29942.39,70,2024-03-31
27,128,55582.42,113,2024-05-30
27,141,32601.89,105,2024-01-31
27,168,42999.49,102,2024-01-31
27,173,49749.85,76,2024-03-01
27,200,85778.98,40,2024-01-01
27,218,52796.03,99,2024-05-30
27,293,36883.53,88,2024-01-31
27,295,25525.88,116,2024-04-30
28,16,41458.92,59,2024-05-30
28,89,52057.87,16,2024-01-01
28,110,74865.37,43,2024-01-01
28,221,12983.83,119,2024-03-31
28,238,22939.31,69,2024-05-30
28,276,38585.75,54,2024-01-31
28,288,36679.44,60,2024-03-01
29,38,39783.06,113,2024-03-01
29,80,79558.61,28,2024-03-01
29,158,33091.29,73,2024-01-31
29,213,50687.92,67,2024-01-01
29,235,62766.8,62,2024-01-31
29,243,23985.68,68,2024-01-01
29,244,72150.84,34,2024-03-01
29,278,55164.02,113,2024-04-30
30,36,45231.34,81,2024-05-30
30,102,81168.62,103,2024-01-01
30,133,25106.03,115,2024-04-30
30,163,88434.42,28,2024-03-01
30,172,56543.82,103,2024-01-01
30,211,61308.31,42,2024-03-31
30,300,87630.84,75,2024-03-31
31,29,81940.69,60,2024-03-01
31,88,60554.64,20,2024-01-31
31,95,75565.58,47,2024-01-31
31,160,43898.63,118,2024-04-30
31,186,55190.4,77,2024-04-30
31,189,7144.94,92,2024-01-01
31,239,9895.93,35,2024-03-01
32,17,83113.12,114,2024-03-31
32,106,6907.49,76,2024-01-01
32,121,17770.51,67,2024-05-30
32,185,79787.43,63,2024-03-31
32,238,1113.45,54,2024-04-30
32,243,28958.03,16,2024-03-31
32,274,58819.83,60,2024-04-30
33,71,59949.54,30,2024-03-31
33,159,77938.14,120,2024-01-01
34,3,51086.7,17,2024-04-30
34,24,51430.79,84,2024-04-30
34,100,72805.75,81,2024-05-30
34,112,50363.82,30,2024-03-31
34,140,61240.62,104,2024-01-31
34,151,89879.63,39,2024-03-01
34,179,40743.65,44,2024-01-31
34,227,39127.38,71,2024-03-01
34,229,1351.35,54,2024-03-01
34,270,61729.2,101,2024-03-01
34,276,3947.42,100,2024-03-31
35,7,50910.7,96,2024-03-01
35,128,80619.15,35,2024-03-01
35,157,55442.19,91,2024-03-31
35,182,27693.98,55,2024-01-31
35,228,78830.67,56,2024-03-01
35,289,27701.98,68,2024-05-30
35,296,73570.15,56,2024-01-31
36,6,61415.59,58,2024-03-01
36,126,17829.63,19,2024-05-30
36,217,90608.25,23,2024-03-01
36,228,20863.72,110,2024-04-30
36,277,98969.12,70,2024-01-01
37,2,1723.74,80,2024-03-31
37,48,27084.85,66,2024-01-01
37,54,20786.17,105,2024-01-31
37,131,2385.35,70,2024-01-01
37,169,73504.42,56,2024-03-31
37,233,69649.15,63,2024-03-31
37,291,79442.75,43,2024-01-01
38,1,26413.16,75,2024-03-31
38,43,44989.18,96,2024-01-01
38,47,66252.24,76,2024-03-31
38,205,44537.08,106,2024-03-31
39,31,70035.25,46,2024-01-01
39,156,63763.37,82,2024-01-01
39,157,12350.13,64,2024-03-01
39,271,78323.27,63,2024-01-31
39,297,72346.96,120,2024-03-31
40,3,65927.6,103,2024-03-31
40,51,16354.27,34,2024-03-01
40,76,27531.65,107,2024-01-31
40,82,39924.53,15,2024-04-30
40,90,28713.03,120,2024-03-31
40,184,23553.22,21,2024-03-01
40,221,80730.41,103,2024-03-01
40,247,64184.99,90,2024-03-31
40,270,56981.74,88,2024-01-01
41,63,23369.32,102,2024-03-01
41,120,91889.58,75,2024-01-31
41,159,19927.12,62,2024-03-31
41,202,79700.14,60,2024-04-30
41,223,96700.59,48,2024-01-31
42,2,72982.18,112,2024-03-01
42,11,99293.02,104,2024-01-01
42,74,65454.06,18,2024-04-30
42,76,22528.57,50,2024-01-01
42,103,21178.13,26,2024-05-30
42,133,33131.86,98,2024-01-01
42,191,1705.87,85,2024-05-30
42,213,68488.15,116,2024-04-30
42,225,27598.11,52,2024-01-01
42,234,81703.14,91,2024-03-01
43,62,36558.09,82,2024-05-30
43,244,48515.69,35,2024-01-01
43,257,96603.2,100,2024-03-01
44,50,24975.04,40,2024-04-30
44,63,72404.16,36,2024-03-01
44,84,75756.66,73,2024-04-30
44,113,22878.82,70,2024-05-30
44,151,50598.69,27,2024-01-31
44,188,35669.99,32,2024-01-31
45,5,77418.72,39,2024-01-31
45,97,62625.85,61,2024-05-30
45,124,48122.32,90,2024-05-30
45,142,78156.96,44,2024-01-01
45,146,24280.4,21,2024-01-01
45,193,75608.57,45,2024-01-01
45,250,86672.06,60,2024-01-01
46,45,87983.54,42,2024-05-30
46,53,78583.69,81,2024-03-01
46,74,41393.4,29,2024-03-31
46,92,98198.99,41,2024-05-30
46,117,38579.77,74,2024-01-31
46,128,64223.91,115,2024-04-30
46,170,16946.34,17,2024-03-01
46,198,98064.44,24,2024-01-01
46,214,70694.61,90,2024-03-31
46,233,75584.38,77,2024-01-31
46,240,7511.89,104,2024-03-01
47,59,76578.36,18,2024-05-30
47,272,77697.62,38,2024-01-31
47,292,67505.5,94,2024-05-30
48,42,29899.05,20,2024-01-31
48,78,49479.31,82,2024-03-31
48,94,11933.0,120,2024-01-01
48,172,47687.12,119,2024-03-01
48,196,25138.56,76,2024-03-31
48,219,35560.6,100,2024-04-30
48,267,17097.44,117,2024-01-01
48,296,23775.38,36,2024-05-30
48,299,8580.3,29,2024-01-31
49,37,92070.24,35,2024-05-30
49,83,53510.66,112,2024-01-01
49,261,40277.46,54,2024-05-30
49,295,53967.89,94,2024-03-01
50,14,63201.03,61,2024-01-31
50,58,92266.0,20,2024-01-01
50,203,18690.6,57,2024-03-01
50,214,30259.7,88,2024-01-31
50,264,97603.14,53,2024-01-31
50,293,37748.11,68,2024-03-31
51,33,3233.6,37,2024-03-31
51,54,15616.71,120,2024-04-30
51,63,3607.53,42,2024-05-30
51,69,99002.39,27,2024-01-31
51,192,28608.21,40,2024-05-30
51,209,92430.73,22,2024-03-01
51,222,99592.74,98,2024-03-01
51,232,60384.28,46,2024-05-30
51,276,4286.44,106,2024-03-01
52,34,9077.57,37,2024-01-01
52,105,48677.32,86,2024-03-01
52,270,41211.03,116,2024-03-01
52,300,61011.55,101,2024-03-31
53,29,44445.93,75,2024-04-30
53,41,93473.61,117,2024-03-01
53,137,53939.23,104,2024-05-30
53,162,69678.88,102,2024-05-30
53,225,89752.04,44,2024-01-31
53,227,15540.32,103,2024-04-30
53,239,23743.73,25,2024-03-01
53,264,11624.55,108,2024-01-01
53,268,14824.2,119,2024-03-01
53,274,51745.81,103,2024-01-01
53,280,32796.75,97,2024-03-31
53,298,42894.11,113,2024-04-30
54,41,98266.49,25,2024-04-30
54,91,16513.73,88,2024-01-31
54,95,54540.4,88,2024-01-01
54,130,10788.24,23,2024-01-01
54,138,32531.14,37,2024-03-31
54,157,53225.07,76,2024-03-01
54,246,94716.54,19,2024-04-30
54,289,39731.59,68,2024-05-30
55,20,7425.76,65,2024-03-01
55,25,39427.98,103,2024-04-30
55,57,15428.38,17,2024-03-31
55,86,23768.97,35,2024-05-30
55,88,62190.97,78,2024-01-31
55,105,7674.96,115,2024-01-01
55,117,47007.65,29,2024-01-01
55,122,61336.7,101,2024-03-01
55,153,42763.98,71,2024-01-01
55,237,2893.51,31,2024-05-30
55,239,98566.42,19,2024-05-30
56,32,37344.46,97,2024-04-30
56,176,78079.14,83,2024-05-30
56,286,33239.0,61,2024-03-31
57,10,48026.66,30,2024-01-31
57,41,39457.9,28,2024-04-30
57,83,34911.38,99,2024-01-01
57,111,3163.29,100,2024-01-01
57,122,36642.07,36,2024-03-31
57,190,89059.51,21,2024-01-01
57,231,69348.94,62,2024-03-01
57,273,15396.86,112,2024-05-30
58,12,59524.35,53,2024-03-01
58,36,89330.86,70,2024-01-01
58,64,70303.37,44,2024-05-30
58,130,15719.75,69,2024-01-31
58,279,86915.42,74,2024-01-01
58,281,30852.86,62,2024-04-30
59,6,45953.54,25,2024-03-31
59,71,53088.13,112,2024-04-30
59,80,85200.15,116,2024-03-31
59,140,93229.14,15,2024-03-01
59,147,93035.63,95,2024-01-01
59,215,1787.46,76,2024-03-31
59,222,92266.96,83,2024-04-30
59,265,6384.31,71,2024-05-30
60,32,27311.59,84,2024-04-30
60,48,51983.8,72,2024-03-01
60,61,48512.64,60,2024-03-31
60,75,60866.27,30,2024-04-30
60,133,48465.18,25,2024-01-31
60,226,93503.19,120,2024-04-30
61,23,24814.34,57,2024-04-30
61,52,28128.44,120,2024-01-01
61,78,92153.06,100,2024-03-01
61,81,8597.21,110,2024-01-01
61,85,61346.52,83,2024-01-31
61,156,68491.86,46,2024-03-01
61,180,51048.63,77,2024-01-31
61,181,69728.96,33,2024-03-31
61,205,18102.71,37,2024-01-31
61,277,85410.59,112,2024-03-01
62,44,14862.54,74,2024-03-31
62,83,40680.43,47,2024-03-01
62,95,8450.5,58,2024-01-31
62,195,54975.9,23,2024-01-31
62,205,67304.83,17,2024-01-01
62,214,94180.94,81,2024-04-30
62,220,74194.28,89,2024-01-01
62,274,54569.19,61,2024-01-31
63,21,93329.08,52,2024-01-01
63,35,48365.25,100,2024-03-31
63,85,56559.36,78,2024-05-30
63,171,60013.75,100,2024-03-31
63,187,41587.99,27,2024-01-01
63,203,84009.79,45,2024-03-31
63,221,19332.42,53,2024-03-31
63,294,55929.38,107,2024-05-30
64,39,72501.09,40,2024-03-01
64,62,90493.64,44,2024-01-01
64,145,88507.92,38,2024-03-31
64,199,51365.29,115,2024-01-01
64,262,64672.98,89,2024-01-31
64,269,40029.54,49,2024-01-31
65,3,47349.6,43,2024-04-30
65,46,90720.31,84,2024-03-31
65,48,93139.7,110,2024-03-31
65,54,89645.99,106,2024-01-01
65,135,14698.72,38,2024-04-30
65,166,85158.32,90,2024-01-31
65,178,94888.01,27,2024-03-01
65,207,36763.72,113,2024-04-30
65,258,52345.98,28,2024-04-30
65,271,78130.43,36,2024-01-31
65,295,56645.74,44,2024-04-30
66,9,99354.87,20,2024-03-31
66,27,46115.62,88,2024-03-01
66,40,71680.33,116,2024-04-30
66,74,79466.52,26,2024-03-31
66,95,49915.94,60,2024-03-01
66,110,85841.4,58,2024-01-31
66,121,55069.3,117,2024-01-01
66,166,41753.43,81,2024-03-01
66,248,11674.54,39,2024-04-30
66,285,39947.94,51,2024-03-01
66,295,73659.71,48,2024-04-30
67,74,92207.35,90,2024-05-30
67,82,25916.26,19,2024-04-30
67,84,36168.32,94,2024-01-01
67,102,16242.14,37,2024-01-01
67,111,69381.57,26,2024-01-31
67,124,96058.65,111,2024-03-01
67,140,64454.27,46,2024-03-31
67,179,62090.58,68,2024-03-31
68,3,55795.5,46,2024-03-01
68,13,9757.12,78,2024-03-31
68,41,73220.88,49,2024-03-31
68,76,60602.9,59,2024-04-30
68,93,66486.2,46,2024-01-01
68,122,89982.3,65,2024-03-01
68,181,78612.12,43,2024-04-30
68,214,78310.61,44,2024-01-01
68,232,92791.19,20,2024-01-31
68,238,99003.56,84,2024-04-30
68,284,58546.99,86,2024-01-01
69,3,11779.28,118,2024-03-31
69,9,46453.86,72,2024-05-30
69,13,78972.51,40,2024-03-01
69,20,3744.81,71,2024-01-31
69,71,6631.86,102,2024-03-31
69,81,7648.62,97,2024-01-01
69,135,73372.54,101,2024-03-31
69,151,50615.5,65,2024-03-01
69,173,37520.9,86,2024-03-01
69,263,11456.09,104,2024-01-01
70,19,73491.78,94,2024-03-31
70,47,32780.96,21,2024-03-31
70,74,27267.08,114,2024-01-31
70,101,65579.6,113,2024-03-31
70,117,56342.08,55,2024-01-01
70,125,36878.65,56,2024-03-31
70,136,64507.26,106,2024-04-30
70,198,27850.93,66,2024-01-31
70,280,79688.2,76,2024-03-31
71,5,23702.58,66,2024-03-31
71,38,16724.93,77,2024-03-31
71,169,78461.5,16,2024-01-31
71,219,71081.31,55,2024-05-30
71,240,19081.26,75,2024-03-31
72,1,12508.33,75,2024-01-31
72,266,84001.51,32,2024-03-31
72,295,77883.25,65,2024-04-30
73,166,33398.48,96,2024-03-01
73,205,66161.54,17,2024-05-30
73,222,13291.86,96,2024-03-31
73,273,51197.72,70,2024-03-01
73,284,2854.3,24,2024-01-01
74,43,39768.59,68,2024-04-30
74,112,8409.44,50,2024-01-31
74,194,48039.57,72,2024-04-30
74,198,42746.48,116,2024-03-01
75,44,44994.12,67,2024-04-30
75,83,5487.8,59,2024-03-31
75,113,36800.02,40,2024-03-31
75,120,75891.9,23,2024-01-31
75,149,37522.52,57,2024-05-30
75,281,71802.02,114,2024-01-31
75,282,37578.39,115,2024-04-30
76,70,42900.7,93,2024-05-30
76,89,56825.32,17,2024-03-01
76,155,95117.51,118,2024-01-01
76,186,11777.18,22,2024-01-01
76,246,4258.46,93,2024-03-31
77,51,61187.76,92,2024-01-31
77,65,94960.61,28,2024-05-30
77,68,98982.59,97,2024-04-30
77,85,48932.26,36,2024-01-01
77,86,47340.08,78,2024-05-30
78,77,64851.41,33,2024-05-30
78,142,56007.84,114,2024-05-30
78,167,63774.72,45,2024-04-30
78,182,87525.94,83,2024-04-30
78,203,74884.31,29,2024-03-31
78,213,50190.86,62,2024-01-01
78,270,46724.58,102,2024-01-01
79,183,64320.57,113,2024-03-31
79,240,46114.92,84,2024-01-01
79,254,46320.16,91,2024-03-01
80,21,2614.28,69,2024-05-30
80,81,18232.35,112,2024-04-30
80,98,49362.85,104,2024-01-01
80,140,82442.69,50,2024-03-01
80,142,28593.97,57,2024-03-31
80,187,52741.7,25,2024-01-01
81,53,35151.25,107,2024-03-31
81,79,11375.59,50,2024-03-31
81,107,95871.55,110,2024-05-30
81,128,85612.71,60,2024-04-30
81,211,8770.75,71,2024-04-30
81,281,72258.94,87,2024-01-31
82,18,35410.41,63,2024-01-01
82,81,99490.13,57,2024-01-01
82,237,30937.45,41,2024-01-31
82,253,24635.11,46,2024-04-30
83,108,57221.16,114,2024-05-30
84,107,83677.49,50,2024-01-31
84,118,20059.37,37,2024-01-01
84,126,71230.87,92,2024-01-31
84,135,7079.25,61,2024-03-31
84,195,91974.54,50,2024-01-31
84,221,9026.42,84,2024-03-01
84,232,91508.91,58,2024-03-01
85,62,49589.92,36,2024-03-01
85,125,45361.02,25,2024-05-30
85,135,97357.4,107,2024-03-31
85,150,99048.03,27,2024-03-01
85,174,65367.63,21,2024-01-01
85,207,13584.81,49,2024-04-30
85,226,51110.84,115,2024-03-31
85,290,53387.15,23,2024-03-31
86,53,51930.2,36,2024-01-31
86,60,57379.69,107,2024-01-31
86,114,2853.75,76,2024-01-31
86,210,71411.5,70,2024-01-01
87,29,71527.04,19,2024-01-31
87,39,12431.51,40,2024-01-01
87,49,57453.7,28,2024-01-31
87,74,57267.76,117,2024-03-01
87,85,68562.59,103,2024-05-30
87,127,9454.37,23,2024-03-31
87,178,63023.83,25,2024-01-01
87,219,28794.44,54,2024-03-31
87,222,51193.3,110,2024-03-01
87,254,77559.03,44,2024-01-31
87,264,70858.95,64,2024-01-01
88,8,12771.4,24,2024-03-31
88,54,59527.29,111,2024-01-01
88,131,96942.54,44,2024-04-30
88,150,16520.17,100,2024-01-01
88,169,85437.8,101,2024-05-30
88,296,70552.26,108,2024-03-01
89,36,77626.33,105,2024-04-30
89,49,28913.87,20,2024-03-01
89,76,29501.0,32,2024-01-01
89,98,90695.93,61,2024-01-01
89,108,36623.37,68,2024-01-01
89,115,7238.52,39,2024-05-30
89,139,60459.07,41,2024-01-01
89,161,13356.95,31,2024-03-01
89,165,79863.03,93,2024-03-31
89,214,64532.9,45,2024-01-01
89,220,87597.92,112,2024-04-30
89,278,78698.89,80,2024-01-31
90,30,12099.25,15,2024-03-31
90,107,38726.0,80,2024-04-30
90,114,77681.46,39,2024-03-31
90,173,42316.81,68,2024-03-01
90,198,97264.18,78,2024-03-31
90,223,73838.3,102,2024-01-31
91,9,2534.49,69,2024-03-01
91,22,88118.58,15,2024-05-30
91,48,10979.67,40,2024-03-31
91,79,14911.85,88,2024-04-30
91,85,73714.75,104,2024-01-01
91,133,86631.89,101,2024-01-31
92,15,54098.61,93,2024-01-31
92,165,29615.92,76,2024-03-31
92,240,35780.24,50,2024-04-30
93,113,34946.04,85,2024-04-30
93,282,33341.13,88,2024-03-31
94,39,25048.06,28,2024-01-01
94,91,61277.84,26,2024-01-01
94,143,90140.13,68,2024-01-31
94,294,31401.16,75,2024-04-30
95,29,19482.74,16,2024-01-31
95,32,84019.19,111,2024-05-30
95,83,74436.55,118,2024-01-01
95,103,93152.87,106,2024-01-01
95,165,17386.45,40,2024-01-31
95,193,15280.88,98,2024-05-30
95,284,54601.51,86,2024-04-30
96,20,61828.93,27,2024-04-30
96,57,48537.17,59,2024-03-31
96,131,60297.7,53,2024-04-30
96,168,18857.6,119,2024-01-31
96,171,48481.76,18,2024-01-31
96,176,66151.16,18,2024-01-01
96,208,43837.94,16,2024-05-30
97,22,68265.29,47,2024-05-30
97,63,45667.94,94,2024-03-01
97,147,34026.36,61,2024-05-30
97,155,31056.9,93,2024-04-30
97,202,41679.3,20,2024-05-30
98,67,3285.87,17,2024-01-31
98,73,67183.99,72,2024-03-31
98,200,84665.46,51,2024-01-31
98,208,36108.08,15,2024-05-30
98,217,5557.28,95,2024-05-30
99,46,98690.78,44,2024-04-30
99,179,27106.13,89,2024-01-01
99,206,13535.49,52,2024-03-01
99,240,37605.5,106,2024-03-01
99,280,74117.15,52,2024-01-31
100,50,30097.74,105,2024-03-01
100,99,57895.62,22,2024-05-30
100,172,42140.44,117,2024-05-30
100,297,12658.64,86,2024-04-30
101,51,33698.41,60,2024-03-01
101,147,72762.18,76,2024-03-31
101,153,61588.39,111,2024-01-31
101,196,12858.06,60,2024-05-30
101,220,17168.92,62,2024-03-01
101,268,64432.6,119,2024-04-30
101,278,81528.13,110,2024-03-01
102,65,35597.98,30,2024-01-01
102,70,59935.76,98,2024-01-01
102,73,17893.72,86,2024-01-01
102,216,31826.26,46,2024-04-30
102,263,3006.75,81,2024-04-30
102,265,77059.32,88,2024-03-01
102,273,40699.97,33,2024-03-31
103,20,81796.43,37,2024-01-01
103,29,71128.93,25,2024-03-31
103,57,83045.68,36,2024-01-31
103,75,29280.21,81,2024-03-01
103,117,19325.76,30,2024-01-31
103,168,97218.66,31,2024-01-31
103,178,72015.45,32,2024-03-01
103,286,83570.18,76,2024-03-01
103,287,2300.2,86,2024-04-30
104,91,36091.7,83,2024-04-30
104,106,74538.85,105,2024-03-31
104,132,8720.3,100,2024-01-31
104,245,57166.65,21,2024-05-30
104,283,43478.2,50,2024-01-01
104,295,2744.03,50,2024-01-01
105,15,24361.58,30,2024-04-30
105,101,29194.41,28,2024-01-31
105,195,12074.13,87,2024-04-30
106,13,63522.15,15,2024-01-31
106,52,24997.39,71,2024-01-31
106,105,28484.33,22,2024-03-31
106,136,89925.62,85,2024-04-30
106,159,47245.19,58,2024-04-30
106,247,39820.69,20,2024-03-31
106,276,72663.23,85,2024-03-01
106,287,91051.77,84,2024-05-30
107,49,3478.6,56,2024-03-01
107,82,45375.65,104,2024-01-01
107,86,61467.35,106,2024-03-01
107,257,32537.75,98,2024-03-31
108,17,77468.36,110,2024-04-30
108,33,97176.23,76,2024-01-01
108,136,94399.31,22,2024-03-31
108,211,27332.27,115,2024-05-30
108,223,23407.49,35,2024-01-31
108,249,95791.56,114,2024-01-31
108,291,46404.22,87,2024-05-30
108,298,21621.47,56,2024-03-01
109,54,70992.7,46,2024-05-30
109,88,29157.61,114,2024-05-30
109,130,27457.45,104,2024-01-01
109,160,88045.66,76,2024-01-31
109,169,17085.44,84,2024-05-30
109,234,7374.9,116,2024-01-31
109,242,27649.46,48,2024-04-30
109,253,61087.6,98,2024-05-30
109,277,13185.7,28,2024-01-01
110,83,47687.87,104,2024-03-01
110,117,63106.37,64,2024-05-30
110,193,85024.96,74,2024-03-01
111,39,23757.09,50,2024-01-31
111,52,81917.29,94,2024-03-31
111,57,24255.72,77,2024-03-01
111,261,67999.89,32,2024-03-31
111,262,43636.68,71,2024-03-01
112,174,12353.44,77,2024-03-31
112,183,71712.08,82,2024-03-01
112,209,22558.5,111,2024-01-31
112,225,18485.72,46,2024-04-30
112,226,36473.97,69,2024-05-30
113,8,65675.73,106,2024-01-01
113,53,24165.65,109,2024-01-01
113,71,19182.49,29,2024-04-30
113,85,1985.41,32,2024-01-01
113,101,47692.67,97,2024-03-31
113,108,43435.91,96,2024-01-01
113,127,24152.91,110,2024-03-01
113,155,6311.56,26,2024-03-01
113,191,43496.33,52,2024-01-31
113,205,79032.31,52,2024-01-31
113,257,71812.93,30,2024-03-01
113,292,86218.69,71,2024-03-31
114,87,1948.69,96,2024-01-31
114,135,96675.51,112,2024-03-31
114,152,34799.81,44,2024-03-01
114,203,99049.38,85,2024-03-01
114,210,26009.33,41,2024-05-30
114,251,47682.1,54,2024-04-30
114,261,36038.84,68,2024-04-30
114,262,36220.31,28,2024-03-31
114,294,84385.93,24,2024-01-01
114,296,74895.48,74,2024-01-31
115,83,99222.99,43,2024-01-01
115,144,61737.95,28,2024-04-30
115,145,46862.4,70,2024-04-30
115,154,9917.31,42,2024-04-30
115,186,99659.58,94,2024-03-01
116,24,55601.53,110,2024-05-30
116,89,70347.27,96,2024-01-01
116,180,41267.5,44,2024-05-30
116,216,55223.86,109,2024-03-01
116,219,94315.2,35,2024-04-30
116,265,17475.52,23,2024-04-30
116,289,29944.89,49,2024-04-30
117,14,16053.91,16,2024-04-30
117,25,79429.37,42,2024-03-01
117,137,7142.48,56,2024-04-30
117,153,9081.53,93,2024-03-31
117,229,30550.92,44,2024-04-30
117,234,51904.63,25,2024-05-30
117,278,41221.21,110,2024-05-30
118,81,5436.81,80,2024-01-01
118,82,95791.66,48,2024-05-30
118,129,95334.08,105,2024-05-30
118,179,28656.28,86,2024-01-01
118,216,73421.04,98,2024-03-31
119,15,58278.97,100,2024-01-31
119,45,24510.19,30,2024-04-30
119,61,26954.98,15,2024-04-30
119,109,49624.16,96,2024-01-01
119,229,42504.46,77,2024-04-30
119,256,29831.7,111,2024-01-01
119,270,80943.65,71,2024-04-30
119,279,48664.83,94,2024-03-01
120,46,65829.96,69,2024-05-30
120,76,19738.08,110,2024-05-30
120,124,53817.26,50,2024-03-31
120,195,32479.63,88,2024-03-31
120,211,53114.95,95,2024-04-30
120,300,78301.76,117,2024-03-31
121,25,77122.41,100,2024-03-01
121,32,36067.85,66,2024-04-30
121,39,69733.43,35,2024-03-31
121,119,94187.71,46,2024-03-31
121,146,62941.26,68,2024-01-31
121,211,15692.6,94,2024-01-01
121,221,68291.15,37,2024-05-30
121,276,11385.53,58,2024-04-30
121,294,87338.93,39,2024-01-31
121,300,52149.39,21,2024-01-01
122,8,39128.93,70,2024-01-31
122,41,6643.65,111,2024-03-01
122,133,38697.59,47,2024-01-01
122,160,90417.46,23,2024-04-30
122,285,3077.32,87,2024-01-31
122,294,47990.17,94,2024-03-01
123,99,93184.65,113,2024-04-30
123,161,40089.26,82,2024-03-01
123,207,43389.39,56,2024-01-31
123,244,58277.45,67,2024-03-31
123,280,46830.8,62,2024-04-30
124,20,17691.57,83,2024-01-01
124,71,2837.0,24,2024-03-01
124,78,61371.35,52,2024-01-01
124,91,92159.85,85,2024-04-30
124,201,11530.05,76,2024-01-31
124,241,21884.32,116,2024-03-01
125,1,37652.72,57,2024-01-01
125,84,81065.48,41,2024-03-31
125,195,27656.77,63,2024-05-30
125,209,88323.39,17,2024-03-01
125,255,6440.83,28,2024-05-30
125,267,94154.71,99,2024-03-01
125,278,56513.96,15,2024-03-31
126,31,66218.99,49,2024-01-31
126,107,37401.26,69,2024-04-30
126,127,78417.43,103,2024-03-31
126,132,17490.06,72,2024-03-31
126,153,5842.27,96,2024-04-30
126,237,40156.18,93,2024-03-01
126,238,85515.88,71,2024-04-30
126,265,75737.76,70,2024-01-01
126,270,52198.44,83,2024-04-30
126,280,57641.64,51,2024-03-31
127,11,13859.39,51,2024-01-31
127,17,84227.47,35,2024-03-01
127,35,78909.01,61,2024-01-01
127,49,65990.57,48,2024-05-30
127,138,47152.91,33,2024-03-01
127,185,96481.47,79,2024-05-30
127,199,88024.17,63,2024-03-31
127,229,64798.62,84,2024-03-01
128,12,37808.3,71,2024-04-30
128,16,62184.21,29,2024-03-01
128,121,57968.65,97,2024-03-01
128,151,40029.96,33,2024-03-01
128,270,31360.72,97,2024-03-01
129,32,41294.07,66,2024-01-31
129,81,57817.23,68,2024-03-01
129,127,43385.35,30,2024-05-30
129,137,27093.87,42,2024-03-31
129,186,76335.37,88,2024-05-30
129,227,53615.28,25,2024-01-01
129,270,7699.84,41,2024-03-01
130,38,37463.33,114,2024-01-01
130,141,88606.43,75,2024-01-01
130,149,75768.42,94,2024-05-30
130,183,33001.43,118,2024-03-31
130,207,93880.13,30,2024-03-01
130,224,8583.69,112,2024-01-31
130,244,96162.24,40,2024-01-31
130,246,25324.8,105,2024-03-01
131,42,1900.32,99,2024-01-31
131,74,43947.0,103,2024-01-31
131,99,36538.07,85,2024-04-30
131,106,54369.81,27,2024-03-01
131,169,79880.51,22,2024-01-31
131,196,84400.65,59,2024-01-31
132,24,40721.77,63,2024-03-01
132,28,43554.73,110,2024-01-01
132,61,15669.6,15,2024-03-01
132,191,5707.21,89,2024-04-30
132,204,64480.28,38,2024-05-30
132,223,7379.32,70,2024-03-31
132,225,73649.18,100,2024-04-30
132,230,54369.92,109,2024-03-31
132,239,20659.71,16,2024-03-31
133,59,54412.77,97,2024-04-30
133,71,19116.77,82,2024-01-01
133,106,44434.98,44,2024-01-01
133,150,80156.47,80,2024-03-31
133,158,46730.01,103,2024-01-01
134,11,15721.23,116,2024-04-30
134,21,72659.04,108,2024-03-31
134,24,19490.07,67,2024-01-01
134,28,74116.44,78,2024-05-30
134,66,48455.88,18,2024-05-30
134,96,45920.43,86,2024-01-31
134,120,85292.07,68,2024-01-31
134,254,71151.75,72,2024-04-30
134,268,4258.17,107,2024-03-31
135,39,30321.26,18,2024-05-30
135,83,87221.15,85,2024-03-01
135,98,2814.29,24,2024-04-30
135,149,54980.09,103,2024-04-30
135,202,73054.74,89,2024-01-31
135,211,62563.75,58,2024-05-30
136,27,76292.69,23,2024-01-31
136,59,72843.49,15,2024-01-01
136,151,69511.04,55,2024-01-31
136,218,82332.45,82,2024-01-01
136,234,64923.38,65,2024-04-30
137,11,40839.43,38,2024-04-30
137,144,47719.0,39,2024-03-01
137,172,71955.75,27,2024-01-31
137,190,87754.3,82,2024-01-01
137,215,27949.66,36,2024-01-31
137,221,34865.6,16,2024-03-01
137,228,93143.2,46,2024-01-01
137,229,58272.67,39,2024-03-31
137,241,18717.22,24,2024-01-01
138,10,66705.82,96,2024-01-31
138,85,99085.45,58,2024-05-30
138,97,82521.9,59,2024-01-01
138,140,74828.37,114,2024-04-30
138,186,21596.62,119,2024-01-01
138,221,87737.84,28,2024-05-30
138,274,53053.1,55,2024-05-30
139,37,89039.71,95,2024-03-31
139,43,33652.96,98,2024-05-30
139,94,7143.05,49,2024-03-01
139,194,48121.62,113,2024-01-31
139,206,27713.92,27,2024-01-31
139,243,71807.7,39,2024-01-01
140,56,95753.55,15,2024-04-30
140,190,69406.44,50,2024-03-01
140,205,88806.46,68,2024-03-01
140,223,45849.38,70,2024-03-31
140,257,77392.43,47,2024-05-30
140,267,84461.3,33,2024-03-01
140,286,71376.69,89,2024-05-30
141,50,51269.95,15,2024-04-30
141,91,62960.74,45,2024-04-30
141,112,70350.19,106,2024-03-01
141,159,26055.36,32,2024-01-01
141,208,81148.35,28,2024-01-31
141,225,95082.13,102,2024-04-30
141,254,47058.69,49,2024-05-30
142,11,70405.65,35,2024-03-01
142,28,73965.56,81,2024-04-30
142,127,66562.51,114,2024-03-01
142,223,55164.4,114,2024-03-01
142,249,88283.15,86,2024-05-30
142,285,45443.74,104,2024-03-31
143,92,7049.19,120,2024-01-01
143,109,84611.08,43,2024-03-01
143,208,67724.15,100,2024-05-30
143,229,85076.6,117,2024-05-30
143,265,14716.2,120,2024-03-01
143,276,4044.54,111,2024-01-01
144,13,93503.08,117,2024-03-01
144,61,15625.1,116,2024-04-30
144,97,81155.58,22,2024-05-30
144,104,82497.78,50,2024-04-30
144,201,71161.81,112,2024-05-30
144,273,13994.96,29,2024-01-01
145,35,67072.46,51,2024-01-31
145,76,89019.57,66,2024-03-01
145,205,43127.63,52,2024-04-30
145,231,41938.17,108,2024-03-01
146,72,44842.97,56,2024-03-31
146,162,9144.92,40,2024-05-30
146,218,89310.53,41,2024-01-31
146,254,87049.1,66,2024-01-31
146,263,99793.02,109,2024-03-01
147,18,58933.13,49,2024-01-31
147,134,75367.97,49,2024-01-31
147,156,21064.52,102,2024-03-31
147,179,67085.35,114,2024-01-01
147,187,65323.55,65,2024-01-01
148,6,90219.66,62,2024-03-01
148,46,83248.48,89,2024-05-30
148,149,93908.18,101,2024-01-31
148,232,87014.51,49,2024-01-01
148,238,87000.7,39,2024-05-30
148,254,7308.61,50,2024-01-01
149,33,84750.23,30,2024-04-30
149,45,61140.36,93,2024-01-31
149,73,38664.0,117,2024-05-30
149,82,6594.95,89,2024-05-30
149,130,68089.7,103,2024-01-01
149,169,33491.97,53,2024-01-31
149,170,47309.85,80,2024-03-01
149,236,68491.12,106,2024-01-31
150,25,91265.68,105,2024-05-30
150,70,82718.25,21,2024-03-31
150,126,45609.12,48,2024-03-31
150,207,39390.53,58,2024-04-30
150,242,24738.19,47,2024-01-31
150,256,37870.25,21,2024-04-30
151,38,11993.59,64,2024-03-31
151,123,97139.45,118,2024-03-01
151,223,57817.83,66,2024-03-31
152,30,13652.78,58,2024-01-31
152,87,35927.79,115,2024-01-31
152,133,55156.88,28,2024-04-30
152,143,53755.68,39,2024-04-30
152,253,4514.83,40,2024-01-31
153,1,95133.26,32,2024-03-31
153,4,28262.19,63,2024-03-01
153,10,2602.28,96,2024-04-30
153,177,8567.96,91,2024-04-30
153,253,58439.3,97,2024-03-01
154,22,14640.77,23,2024-04-30
154,46,5130.75,82,2024-01-01
154,50,38583.02,80,2024-01-01
154,114,62653.36,75,2024-03-01
154,208,12072.14,100,2024-03-01
154,223,32019.46,65,2024-03-31
154,277,42358.31,44,2024-01-31
155,97,16786.55,77,2024-05-30
155,145,51101.32,31,2024-01-31
155,158,9436.19,92,2024-04-30
155,180,5605.33,107,2024-04-30
155,203,52463.7,79,2024-01-01
155,208,25541.8,24,2024-01-31
156,77,10442.01,89,2024-04-30
156,89,42967.35,56,2024-01-01
156,123,91598.93,73,2024-03-01
156,142,72695.05,70,2024-04-30
156,195,81745.98,70,2024-01-31
156,224,87319.48,97,2024-01-31
156,277,97290.15,27,2024-01-31
157,118,76561.41,67,2024-03-01
157,173,61232.38,77,2024-04-30
157,204,37177.16,72,2024-03-01
157,236,18982.68,69,2024-01-01
157,269,68979.33,15,2024-03-31
158,12,99500.05,17,2024-05-30
158,13,47268.51,100,2024-01-01
158,73,72644.26,55,2024-01-01
158,193,50014.15,20,2024-05-30
158,276,43761.41,93,2024-04-30
159,48,41620.26,60,2024-03-31
159,81,50957.84,94,2024-04-30
159,121,37322.67,52,2024-01-31
159,141,75128.56,27,2024-04-30
159,158,87552.93,70,2024-05-30
159,175,88405.65,64,2024-01-01
159,215,23542.17,93,2024-01-01
159,262,89695.0,70,2024-03-01
159,273,34813.57,72,2024-03-01
159,274,31621.46,66,2024-01-31
160,11,72948.85,115,2024-01-01
160,22,31164.94,97,2024-03-31
160,53,6243.67,63,2024-03-31
160,124,37988.16,85,2024-05-30
160,155,72425.09,15,2024-04-30
160,211,33368.88,109,2024-03-01
161,3,63326.35,119,2024-05-30
161,33,66351.82,17,2024-01-01
161,50,73639.87,104,2024-01-01
161,143,89815.92,81,2024-05-30
161,191,43823.89,106,2024-01-31
161,207,17476.78,53,2024-01-01
161,223,32573.65,65,2024-01-31
162,53,43784.56,94,2024-01-01
162,122,71675.26,42,2024-01-31
162,195,2299.09,23,2024-04-30
162,252,32262.75,113,2024-05-30
163,19,78204.42,49,2024-03-31
163,94,67414.91,113,2024-04-30
163,200,73442.26,88,2024-01-01
163,236,81369.27,108,2024-05-30
163,254,78540.34,20,2024-01-01
164,36,68536.13,16,2024-05-30
164,44,44526.49,75,2024-01-31
164,100,98376.23,76,2024-03-01
164,162,57338.25,103,2024-01-01
164,178,21074.15,76,2024-03-01
164,218,29988.47,117,2024-03-01
164,261,69662.68,51,2024-01-01
164,275,92549.22,22,2024-01-01
164,287,18693.29,26,2024-05-30
165,32,9152.3,80,2024-01-31
165,103,88271.57,110,2024-03-01
165,110,91612.52,57,2024-04-30
165,178,28361.56,92,2024-03-31
165,247,38351.29,72,2024-03-01
165,258,66358.61,65,2024-05-30
166,14,33663.07,21,2024-04-30
166,57,87838.71,94,2024-01-01
166,102,11650.29,81,2024-03-31
166,132,4760.24,48,2024-03-31
166,138,21640.13,73,2024-04-30
166,156,29322.69,85,2024-05-30
166,171,12179.73,105,2024-03-31
166,191,7503.35,111,2024-03-31
166,223,75805.16,55,2024-01-01
166,251,17263.38,76,2024-04-30
167,134,91478.3,90,2024-03-01
167,196,37431.97,95,2024-05-30
167,234,67389.98,47,2024-05-30
167,288,23314.81,45,2024-01-01
167,293,24791.95,59,2024-04-30
168,116,57896.21,98,2024-01-01
168,149,56503.65,31,2024-01-31
168,175,77104.19,116,2024-04-30
169,10,76023.52,67,2024-03-31
169,47,67398.09,19,2024-03-31
169,86,45463.93,31,2024-05-30
169,188,89173.4,81,2024-01-31
169,206,62635.27,18,2024-03-31
169,240,99029.65,71,2024-04-30
169,286,82117.61,104,2024-03-31
170,78,5386.67,18,2024-05-30
170,159,32738.8,112,2024-03-31
170,167,57615.7,102,2024-05-30
170,171,72425.48,96,2024-03-31
170,271,55483.31,97,2024-04-30
171,61,78826.91,36,2024-03-01
171,68,28982.91,42,2024-01-31
171,76,19207.29,118,2024-01-31
171,155,6337.75,28,2024-04-30
171,224,57758.06,45,2024-04-30
171,225,69171.35,84,2024-01-01
171,227,33288.82,19,2024-03-31
171,278,61744.83,113,2024-03-31
172,74,6163.57,107,2024-03-01
172,122,10830.04,88,2024-03-01
172,137,70473.72,69,2024-01-31
172,141,37438.9,103,2024-04-30
172,151,67462.07,66,2024-01-01
173,56,83340.39,108,2024-04-30
173,144,85409.62,33,2024-01-01
173,157,18044.6,114,2024-04-30
173,188,49142.27,51,2024-03-31
173,211,73658.75,63,2024-03-31
173,244,77624.08,72,2024-03-31
174,3,78682.92,108,2024-04-30
174,137,23588.57,25,2024-05-30
174,154,20060.95,49,2024-01-31
174,166,59411.23,31,2024-05-30
174,206,74367.49,23,2024-04-30
174,250,32594.81,74,2024-01-31
174,295,11365.81,100,2024-04-30
175,28,71957.89,44,2024-04-30
175,33,30670.09,82,2024-03-31
175,46,17469.91,34,2024-01-31
175,134,15624.63,60,2024-01-31
175,295,32176.05,42,2024-03-01
176,159,59675.13,37,2024-04-30
176,167,36481.82,51,2024-03-01
176,246,3045.52,35,2024-01-31
177,137,10593.94,20,2024-05-30
177,178,29759.82,83,2024-01-01
177,207,66310.74,120,2024-03-31
177,256,10752.99,100,2024-04-30
178,4,56505.03,43,2024-03-01
178,20,12868.7,92,2024-01-01
178,174,21949.92,111,2024-01-31
178,186,18046.66,69,2024-01-31
178,224,7655.63,46,2024-03-01
178,230,67461.65,42,2024-05-30
179,33,46876.95,94,2024-03-01
179,68,83274.29,116,2024-03-31
179,70,10790.19,16,2024-05-30
179,82,15328.56,97,2024-03-31
179,99,31339.32,86,2024-01-01
179,180,76820.73,97,2024-01-31
179,297,31270.12,18,2024-03-01
180,78,41433.45,100,2024-01-01
180,163,30858.75,36,2024-01-31
180,198,8942.2,19,2024-01-31
180,210,94003.93,15,2024-03-31
180,217,55305.36,89,2024-01-31
180,259,78995.49,101,2024-03-01
180,262,66177.35,103,2024-01-01
180,272,51911.17,94,2024-05-30
180,278,9878.15,39,2024-03-31
181,2,64630.62,45,2024-01-01
181,27,16381.67,82,2024-03-31
181,183,42023.93,19,2024-04-30
181,216,63282.2,68,2024-04-30
181,219,78440.67,110,2024-01-31
181,239,68819.47,61,2024-04-30
181,258,67481.82,86,2024-04-30
182,32,15755.18,64,2024-03-01
182,49,35266.73,52,2024-04-30
182,238,5248.31,51,2024-01-31
182,239,72228.21,63,2024-05-30
183,7,95306.01,109,2024-03-31
183,38,27146.93,86,2024-03-31
183,191,9681.97,41,2024-01-31
183,192,48081.44,115,2024-04-30
183,228,85813.12,109,2024-03-31
183,274,55645.45,81,2024-05-30
184,29,5630.94,21,2024-05-30
184,118,97452.95,41,2024-03-01
184,273,83036.34,15,2024-01-01
185,116,14027.81,84,2024-04-30
185,140,92257.98,69,2024-01-31
185,245,45618.14,68,2024-03-31
185,280,37817.9,119,2024-03-01
186,19,46644.28,47,2024-05-30
186,22,83622.62,20,2024-01-01
186,43,66288.49,114,2024-01-31
186,150,6865.6,114,2024-03-01
186,180,95802.83,25,2024-03-31
186,257,15630.63,81,2024-03-01
186,261,74811.23,99,2024-04-30
187,84,63977.52,65,2024-05-30
187,114,19565.28,73,2024-03-01
187,124,17902.48,66,2024-04-30
187,159,87162.43,86,2024-03-31
188,104,42549.8,36,2024-03-01
188,118,65803.07,51,2024-04-30
188,144,50903.03,21,2024-03-31
188,222,73008.0,30,2024-03-01
188,257,48445.0,52,2024-03-31
188,260,29450.61,106,2024-04-30
189,2,36974.95,118,2024-01-31
189,49,86048.69,21,2024-01-31
189,54,47335.43,50,2024-04-30
190,4,22131.48,43,2024-01-01
190,19,93525.93,62,2024-04-30
190,32,79863.45,17,2024-04-30
190,91,6510.95,86,2024-01-01
190,93,99895.35,21,2024-03-01
190,197,69797.74,24,2024-01-01
190,232,16866.39,49,2024-03-01
190,247,24479.6,80,2024-04-30
190,284,69552.1,36,2024-03-01
191,44,78196.34,85,2024-05-30
191,74,24664.56,98,2024-05-30
191,122,26439.92,71,2024-03-01
191,144,31404.95,118,2024-01-31
191,212,60203.82,19,2024-03-01
191,226,18009.8,86,2024-01-01
191,231,11320.08,69,2024-03-31
191,252,68207.54,24,2024-04-30
192,210,78130.7,37,2024-01-31
192,216,50592.01,59,2024-04-30
192,246,37019.44,19,2024-04-30
193,14,43772.23,104,2024-01-01
193,114,39452.38,34,2024-01-01
193,150,96038.51,99,2024-05-30
193,161,77040.9,110,2024-01-31
193,188,21600.63,62,2024-04-30
193,230,39034.73,32,2024-01-01
193,237,54857.22,38,2024-01-31
193,251,61685.6,102,2024-03-31
194,113,47350.21,44,2024-01-01
194,125,81202.54,86,2024-03-31
194,141,76993.0,66,2024-01-01
194,200,51010.63,39,2024-03-01
194,256,85588.51,50,2024-04-30
194,295,75357.86,102,2024-03-01
195,37,78079.6,42,2024-01-31
195,102,95683.68,81,2024-05-30
195,182,27380.23,16,2024-01-31
195,188,27497.17,39,2024-01-31
195,208,89006.27,84,2024-04-30
195,236,77450.41,86,2024-01-01
196,27,92728.01,56,2024-03-31
196,75,7249.89,101,2024-01-01
196,76,63147.95,104,2024-05-30
196,101,15318.21,32,2024-03-01
196,133,50885.82,79,2024-03-31
196,140,16418.95,81,2024-01-31
196,166,13679.77,30,2024-04-30
196,184,2204.67,18,2024-05-30
196,203,63393.64,108,2024-03-01
196,230,36543.24,72,2024-03-01
197,14,11413.64,36,2024-01-31
197,236,32960.94,21,2024-01-01
197,276,17725.47,62,2024-03-31
198,72,94227.79,114,2024-03-01
198,134,32680.48,107,2024-04-30
198,150,34061.4,112,2024-01-01
198,156,84145.94,64,2024-01-01
198,157,65127.82,61,2024-01-01
198,170,71306.99,93,2024-04-30
198,225,63964.18,108,2024-04-30
198,286,94673.43,42,2024-04-30
199,86,21493.08,114,2024-04-30
199,140,98914.88,120,2024-04-30
199,223,83264.66,15,2024-03-31
199,238,59308.29,29,2024-04-30
199,284,66574.79,47,2024-04-30
200,13,65233.76,18,2024-03-31
200,28,6781.23,96,2024-04-30
200,89,22583.63,39,2024-05-30
200,136,96185.62,82,2024-03-01
200,294,53902.08,28,2024-03-31
201,3,38457.01,102,2024-03-31
201,232,76441.81,94,2024-03-31
201,256,52927.38,87,2024-01-31
202,5,2303.11,51,2024-03-31
202,6,73887.52,38,2024-01-31
202,55,73489.54,68,2024-01-01
202,115,17349.72,24,2024-03-31
202,139,95709.35,87,2024-03-01
202,160,23166.91,48,2024-05-30
202,164,46317.19,63,2024-03-31
202,168,12358.86,112,2024-03-31
203,56,60724.95,78,2024-03-31
203,70,38169.66,106,2024-04-30
203,71,35964.17,64,2024-05-30
203,110,82870.71,97,2024-01-01
203,146,1946.61,77,2024-05-30
203,154,79996.73,108,2024-04-30
203,187,57573.41,54,2024-05-30
203,286,98623.75,94,2024-05-30
204,24,59354.88,15,2024-04-30
204,60,6482.53,68,2024-03-01
204,258,6013.89,100,2024-05-30
205,93,88432.15,81,2024-03-01
205,188,84280.2,66,2024-01-31
205,203,35243.12,53,2024-04-30
205,208,62185.22,28,2024-01-31
205,213,49469.54,49,2024-03-01
206,17,96749.24,85,2024-01-01
206,38,95046.13,35,2024-03-31
206,149,98400.06,47,2024-03-01
206,197,86778.43,34,2024-04-30
207,2,91045.61,78,2024-03-01
207,8,22510.6,68,2024-04-30
207,36,83269.67,58,2024-01-01
207,60,71176.85,35,2024-03-01
207,69,96315.86,52,2024-01-01
207,180,57554.92,90,2024-03-31
207,197,9431.55,116,2024-03-31
207,259,60142.49,103,2024-01-01
208,93,68971.51,47,2024-04-30
208,153,22811.78,85,2024-03-01
208,178,40017.22,39,2024-03-31
208,227,60251.84,89,2024-04-30
209,94,38036.47,41,2024-01-01
209,186,38119.82,102,2024-04-30
209,238,14175.58,28,2024-03-31
209,253,94133.93,103,2024-01-01
209,297,75298.94,93,2024-01-31
210,5,1123.1,51,2024-04-30
210,7,76795.72,118,2024-03-01
210,124,74239.7,87,2024-04-30
210,163,1963.37,98,2024-03-01
210,176,37590.83,110,2024-03-31
210,255,61068.02,93,2024-03-01
211,21,45822.31,34,2024-01-31
211,56,78020.63,43,2024-03-01
211,119,43120.37,55,2024-03-31
211,155,16232.43,69,2024-04-30
211,167,97665.15,35,2024-04-30
211,223,24961.96,72,2024-03-01
211,239,72051.54,92,2024-05-30
211,241,15172.47,37,2024-01-01
211,242,33572.25,87,2024-01-01
211,271,44760.73,106,2024-03-01
212,28,20030.97,44,2024-01-31
212,72,45546.0,107,2024-03-01
212,98,16559.12,18,2024-03-01
212,136,56341.65,111,2024-03-31
212,210,66707.61,91,2024-01-31
212,242,7180.99,72,2024-03-31
212,300,87242.08,105,2024-03-01
213,52,19328.95,81,2024-01-01
213,101,23310.88,94,2024-04-30
213,126,66473.63,40,2024-01-01
213,300,47406.35,106,2024-03-01
214,84,50440.16,25,2024-03-01
214,96,13687.34,37,2024-04-30
214,183,80767.85,46,2024-05-30
214,195,62088.37,17,2024-01-01
214,210,14402.82,88,2024-01-31
214,273,38025.94,31,2024-04-30
215,151,81230.58,33,2024-04-30
215,252,57267.15,32,2024-04-30
215,274,11756.23,87,2024-03-31
216,179,37904.93,94,2024-04-30
216,196,25026.75,56,2024-03-31
216,200,52229.09,91,2024-04-30
216,288,84492.75,67,2024-03-31
216,294,44190.45,95,2024-01-01
217,60,43900.86,24,2024-01-31
217,89,90629.74,43,2024-01-01
217,125,58042.36,25,2024-04-30
217,239,57052.92,83,2024-03-01
217,255,26929.08,101,2024-04-30
217,264,61164.55,99,2024-04-30
217,282,58015.14,99,2024-05-30
217,286,40288.3,28,2024-05-30
218,30,99078.86,96,2024-05-30
218,37,88307.21,108,2024-04-30
218,105,75209.04,106,2024-03-31
218,114,54197.21,114,2024-04-30
218,150,46743.92,18,2024-01-31
218,167,19304.84,105,2024-01-31
218,200,31268.01,78,2024-03-01
218,256,77622.12,93,2024-03-01
219,14,45921.15,107,2024-05-30
219,16,88344.68,109,2024-01-01
219,39,15643.2,114,2024-04-30
219,98,51326.36,70,2024-01-31
219,257,65049.6,110,2024-03-31
220,9,52168.0,93,2024-03-31
220,14,89033.46,41,2024-01-01
220,21,98966.76,89,2024-05-30
220,70,12467.63,48,2024-04-30
220,104,13865.54,68,2024-05-30
220,145,13902.09,95,2024-03-01
220,171,68436.53,42,2024-04-30
220,178,37894.93,60,2024-01-31
220,181,73598.15,111,2024-03-01
220,230,41141.68,93,2024-01-31
220,285,63133.07,58,2024-04-30
220,297,77215.94,60,2024-03-01
221,142,55273.38,54,2024-05-30
221,144,54410.86,107,2024-05-30
221,145,9735.2,70,2024-01-01
221,166,41667.39,70,2024-01-31
221,174,55031.94,48,2024-01-01
221,220,46736.1,42,2024-04-30
221,279,90177.42,56,2024-03-01
221,299,90746.53,49,2024-04-30
222,3,82369.82,26,2024-04-30
222,46,38154.51,39,2024-03-31
222,49,72012.62,28,2024-03-01
222,69,40133.56,18,2024-01-31
222,113,24026.77,60,2024-03-01
222,129,34947.36,23,2024-04-30
223,94,8025.5,62,2024-05-30
223,155,33845.97,106,2024-01-31
224,23,46613.48,77,2024-04-30
224,44,95592.61,37,2024-01-01
224,109,32027.65,57,2024-03-01
224,141,90342.9,38,2024-01-01
224,157,23656.97,15,2024-04-30
224,300,19905.92,115,2024-01-01
225,37,52380.55,93,2024-03-01
225,92,67578.63,105,2024-03-01
225,118,5388.89,86,2024-01-31
225,120,22885.52,21,2024-04-30
225,139,46112.68,65,2024-03-31
225,174,33769.43,15,2024-03-01
225,238,71549.49,102,2024-01-31
226,69,51604.9,68,2024-05-30
226,91,16875.55,32,2024-01-31
226,134,89552.07,27,2024-03-01
226,162,29997.66,25,2024-03-01
226,167,73381.98,108,2024-03-31
226,238,78211.66,101,2024-01-31
226,266,96352.61,104,2024-01-01
226,296,50352.24,98,2024-03-31
227,76,61967.72,88,2024-04-30
227,142,34152.75,28,2024-05-30
227,266,68139.75,112,2024-03-01
227,268,46874.97,58,2024-03-01
228,16,44327.58,16,2024-03-01
228,35,85691.29,98,2024-05-30
228,62,5966.72,35,2024-03-31
228,105,88314.28,99,2024-03-01
228,130,85354.91,87,2024-01-31
228,137,51130.26,101,2024-01-31
228,160,49530.08,28,2024-01-01
228,165,36818.93,28,2024-04-30
228,176,99423.21,99,2024-03-31
229,40,12005.76,98,2024-03-31
229,74,59431.31,65,2024-04-30
229,98,68486.48,38,2024-03-31
229,230,93498.67,93,2024-03-01
229,243,78240.15,65,2024-01-31
229,275,64740.87,46,2024-01-31
230,28,12564.42,76,2024-03-01
230,150,37999.62,96,2024-03-31
230,180,14745.32,61,2024-01-31
230,189,88240.06,58,2024-03-31
231,31,75212.49,81,2024-03-31
231,66,75996.14,66,2024-01-31
231,70,65573.4,64,2024-04-30
231,154,51197.31,51,2024-05-30
231,155,15847.13,27,2024-03-31
231,196,33639.79,89,2024-04-30
231,236,14554.66,58,2024-03-01
232,10,72766.4,19,2024-01-01
232,12,16862.65,21,2024-01-31
232,99,70509.24,20,2024-04-30
232,108,69533.28,37,2024-05-30
232,153,46471.14,72,2024-05-30
232,175,14387.64,49,2024-01-31
232,200,32165.28,83,2024-03-01
232,224,32689.22,87,2024-03-31
233,22,70338.13,116,2024-03-01
233,91,12260.56,54,2024-04-30
233,121,83077.8,52,2024-04-30
233,179,76339.72,82,2024-05-30
233,260,19444.38,110,2024-01-31
233,280,72197.27,79,2024-01-31
234,4,67182.8,100,2024-03-31
234,72,75063.96,18,2024-05-30
234,123,19703.93,45,2024-03-01
234,124,16601.44,64,2024-04-30
234,227,24411.91,79,2024-04-30
234,231,37221.3,34,2024-03-01
234,259,79572.83,91,2024-05-30
234,270,74054.47,118,2024-01-31
234,275,92619.71,64,2024-01-31
234,292,6804.33,109,2024-01-31
235,2,2144.07,96,2024-01-31
235,30,70214.74,116,2024-03-01
235,71,28649.46,60,2024-01-31
235,97,34073.81,35,2024-05-30
235,120,55133.4,26,2024-01-01
235,186,11138.9,110,2024-03-01
235,229,64626.75,43,2024-03-31
235,274,33189.6,112,2024-03-31
236,63,63638.8,29,2024-01-01
236,83,83566.68,39,2024-01-01
236,107,17940.02,41,2024-01-31
236,143,93156.44,18,2024-01-31
236,144,53538.13,54,2024-05-30
236,151,92369.85,94,2024-03-31
236,181,21565.28,34,2024-01-01
236,182,60851.7,107,2024-01-31
236,198,40984.82,25,2024-01-31
236,204,77648.0,33,2024-03-01
236,219,60984.99,39,2024-03-01
236,258,49957.03,25,2024-05-30
236,288,91385.56,61,2024-03-01
237,15,38334.59,111,2024-01-01
237,75,22778.04,102,2024-01-31
237,111,61202.02,89,2024-01-31
237,133,62778.82,76,2024-01-31
237,153,44470.37,96,2024-05-30
237,238,49174.39,43,2024-05-30
238,65,95995.79,62,2024-01-01
238,69,73535.88,45,2024-01-31
238,129,11949.57,86,2024-01-01
238,164,22000.88,69,2024-01-31
238,194,97582.09,30,2024-03-31
238,239,72920.09,78,2024-01-31
238,288,91589.47,54,2024-04-30
239,60,31082.28,31,2024-01-31
239,82,74444.82,94,2024-04-30
239,98,71686.27,22,2024-01-01
239,123,30174.31,77,2024-05-30
239,126,55530.82,93,2024-04-30
239,176,63114.1,115,2024-05-30
239,201,48632.05,39,2024-05-30
239,221,82890.69,71,2024-01-01
239,236,83454.04,54,2024-03-01
239,271,85209.45,99,2024-05-30
239,279,80538.93,56,2024-01-01
240,69,49320.26,109,2024-03-01
240,96,38762.39,74,2024-04-30
240,101,83306.25,29,2024-01-31
240,113,49529.94,23,2024-01-01
240,120,25390.77,102,2024-05-30
240,267,51227.01,113,2024-03-31
240,284,15043.13,68,2024-01-31
241,110,69471.32,80,2024-04-30
241,118,34256.21,113,2024-03-31
241,213,26805.22,114,2024-03-01
241,254,95694.37,18,2024-01-01
242,4,77911.22,117,2024-05-30
242,101,78919.88,106,2024-01-31
242,156,62748.47,116,2024-03-01
242,231,84078.11,98,2024-01-01
242,265,76157.09,20,2024-01-31
242,270,60278.6,29,2024-01-01
243,57,96151.32,77,2024-03-01
243,71,19967.9,48,2024-05-30
243,89,94394.59,104,2024-05-30
243,107,40742.38,36,2024-04-30
243,129,53311.5,17,2024-03-31
243,140,13151.19,80,2024-03-01
243,251,54470.64,24,2024-03-01
243,279,61509.47,81,2024-04-30
243,300,99772.45,31,2024-05-30
244,9,97544.05,89,2024-01-01
244,22,96673.33,88,2024-01-01
244,45,35490.42,28,2024-01-01
244,101,99135.38,30,2024-03-31
244,133,46092.34,33,2024-05-30
244,162,85331.79,57,2024-03-01
244,294,22415.68,51,2024-03-01
245,11,51077.48,119,2024-03-31
245,71,96635.2,70,2024-04-30
245,92,94756.11,52,2024-04-30
245,167,68689.75,94,2024-03-01
245,183,79983.62,89,2024-03-01
245,263,18466.24,77,2024-03-01
245,271,72444.2,113,2024-05-30
245,299,62187.03,101,2024-04-30
246,76,10063.62,96,2024-05-30
246,125,12202.74,79,2024-05-30
246,159,11735.92,110,2024-01-01
246,192,72711.34,30,2024-03-01
246,275,15029.81,61,2024-03-31
246,299,47305.49,91,2024-03-31
247,5,36341.2,78,2024-03-31
247,101,55499.91,72,2024-04-30
247,104,70941.17,39,2024-01-31
247,209,68787.53,58,2024-04-30
247,289,52036.47,39,2024-05-30
248,19,46969.15,72,2024-01-01
248,205,40383.74,15,2024-03-31
248,224,86329.08,60,2024-03-31
249,20,33754.33,46,2024-03-01
249,88,26677.22,16,2024-01-31
249,210,74588.23,92,2024-04-30
249,232,36616.58,88,2024-03-01
249,242,84852.86,39,2024-03-31
249,268,33460.98,112,2024-01-31
250,74,70492.54,56,2024-03-01
250,86,5465.79,86,2024-04-30
250,164,39170.73,97,2024-04-30
250,180,34979.79,100,2024-04-30
250,186,81851.2,29,2024-05-30
250,189,96738.48,20,2024-03-01
250,278,46627.25,47,2024-01-31
251,38,82658.79,75,2024-03-01
251,48,70269.78,66,2024-03-01
251,58,96771.21,43,2024-04-30
251,100,81299.74,101,2024-01-01
251,125,8670.33,104,2024-05-30
251,139,71614.89,115,2024-03-01
251,168,54014.47,87,2024-01-01
251,172,2627.17,95,2024-04-30
251,199,25879.98,103,2024-03-31
251,224,92253.77,39,2024-05-30
251,232,92680.08,98,2024-04-30
251,272,80086.2,45,2024-03-01
252,58,98196.18,41,2024-01-31
252,115,80847.98,87,2024-01-01
252,151,2010.21,88,2024-03-01
252,177,29495.6,105,2024-01-31
252,197,4031.79,97,2024-03-01
252,235,10316.69,20,2024-04-30
252,243,22665.24,23,2024-03-01
252,255,50852.3,50,2024-04-30
252,262,84905.67,22,2024-05-30
253,40,86334.71,36,2024-04-30
253,104,62003.98,72,2024-01-31
253,180,92889.42,40,2024-01-01
253,286,50506.17,39,2024-03-31
254,58,89014.57,96,2024-05-30
254,69,45952.46,57,2024-01-31
254,227,28445.28,64,2024-01-31
254,260,91724.88,86,2024-01-01
254,261,39405.57,99,2024-01-31
254,274,50837.01,27,2024-01-01
255,15,33557.2,50,2024-05-30
255,48,66620.92,29,2024-01-31
255,124,99508.09,47,2024-05-30
256,175,3525.84,79,2024-03-01
256,261,90084.95,91,2024-01-31
257,32,1388.68,108,2024-05-30
257,33,37058.56,77,2024-01-01
257,52,17692.07,98,2024-04-30
257,65,75976.84,78,2024-05-30
257,79,6010.47,27,2024-05-30
257,122,55795.01,96,2024-03-31
257,161,30197.69,66,2024-03-31
258,12,14233.35,52,2024-04-30
258,52,77410.0,38,2024-03-01
258,107,22524.27,20,2024-04-30
258,141,23143.85,47,2024-04-30
259,88,28232.6,48,2024-04-30
259,110,59089.91,44,2024-04-30
259,283,66306.93,118,2024-01-01
259,289,2742.65,60,2024-01-31
260,158,24945.09,85,2024-01-31
260,204,43666.11,17,2024-01-01
260,217,33865.72,115,2024-04-30
260,275,88532.9,77,2024-03-01
261,29,78983.16,76,2024-04-30
261,178,62963.13,31,2024-01-01
261,282,34466.2,65,2024-04-30
261,299,70366.56,49,2024-01-31
262,4,84520.16,21,2024-03-01
262,27,59888.21,41,2024-01-31
262,88,78661.69,40,2024-03-01
262,119,75161.39,27,2024-05-30
262,176,57601.99,35,2024-03-01
262,177,31906.14,37,2024-03-31
262,196,74832.43,50,2024-01-01
262,202,21472.84,107,2024-04-30
262,227,78169.35,67,2024-01-01
262,293,80650.12,22,2024-05-30
263,33,82392.34,46,2024-04-30
263,97,47818.68,75,2024-04-30
263,140,20055.6,27,2024-03-31
263,205,10872.64,63,2024-01-01
263,219,74592.76,38,2024-03-01
264,140,88739.88,39,2024-04-30
264,153,65433.0,110,2024-01-31
264,216,15271.85,70,2024-01-01
264,217,93554.75,63,2024-01-31
265,40,98921.1,72,2024-01-01
265,65,43904.48,81,2024-01-31
265,72,59887.7,83,2024-03-31
265,75,77945.62,67,2024-03-01
265,77,73902.59,65,2024-04-30
265,202,96810.93,114,2024-04-30
265,227,12373.43,103,2024-04-30
265,248,58491.76,73,2024-01-01
265,285,69501.21,21,2024-01-01
266,1,89119.74,41,2024-03-31
266,30,87536.85,27,2024-03-01
266,129,97821.98,52,2024-01-31
266,183,51695.77,43,2024-03-31
266,269,83245.33,96,2024-01-31
267,20,43300.89,18,2024-01-01
267,83,42809.07,27,2024-01-01
267,85,26081.49,117,2024-04-30
267,120,82005.49,33,2024-01-31
267,147,98595.7,92,2024-03-31
267,185,26377.83,60,2024-04-30
267,221,6557.03,113,2024-04-30
267,251,81738.7,97,2024-03-01
268,60,62402.78,59,2024-01-01
268,71,96010.18,66,2024-01-31
268,86,25971.68,67,2024-03-01
268,196,8031.74,24,2024-03-31
269,7,49751.78,18,2024-03-01
269,10,9461.14,54,2024-03-01
269,212,26917.21,22,2024-01-01
269,285,13471.81,19,2024-05-30
270,8,23189.09,32,2024-03-01
270,114,11508.32,116,2024-04-30
270,170,95436.69,34,2024-01-01
271,129,28577.71,77,2024-01-31
271,195,44945.86,65,2024-01-31
271,280,89962.57,19,2024-05-30
272,21,68054.84,113,2024-01-01
272,65,62185.71,17,2024-01-01
272,71,70850.76,72,2024-03-01
272,140,83053.4,93,2024-05-30
272,154,87889.26,20,2024-05-30
272,165,64621.33,113,2024-05-30
272,227,89110.72,22,2024-03-31
272,243,54004.36,116,2024-01-31
273,11,28451.79,15,2024-03-31
273,124,88127.59,73,2024-01-31
273,167,54605.81,117,2024-04-30
273,197,90707.62,15,2024-05-30
273,236,4976.61,50,2024-05-30
273,299,40354.06,53,2024-03-31
274,33,94832.7,114,2024-01-01
274,71,25715.36,39,2024-03-31
274,105,94212.09,83,2024-03-01
274,107,95436.34,50,2024-03-01
274,116,88332.09,54,2024-05-30
274,269,56803.14,49,2024-05-30
274,281,65047.01,70,2024-03-31
275,19,87092.08,43,2024-01-01
275,68,77813.81,111,2024-03-01
275,86,63379.29,55,2024-03-01
275,103,98243.68,86,2024-04-30
275,209,68881.99,62,2024-04-30
275,282,97572.72,20,2024-03-31
276,78,6681.46,30,2024-03-31
276,96,14757.08,54,2024-05-30
276,166,45694.43,119,2024-01-01
276,194,39103.07,27,2024-03-31
276,244,78490.75,111,2024-05-30
277,117,16900.79,64,2024-03-31
277,227,97633.42,101,2024-03-01
277,234,32191.52,50,2024-01-01
277,255,43463.45,107,2024-01-31
277,285,28199.76,85,2024-05-30
278,73,58357.0,43,2024-03-01
278,93,6804.24,74,2024-01-01
278,135,15818.07,77,2024-04-30
278,193,74833.97,106,2024-04-30
278,198,19463.56,32,2024-04-30
278,242,24315.93,95,2024-04-30
278,300,79505.24,29,2024-01-01
279,52,10236.82,33,2024-04-30
279,74,44309.91,61,2024-04-30
279,191,3283.28,104,2024-04-30
280,12,35333.93,113,2024-04-30
280,117,70199.16,115,2024-01-31
280,145,9920.22,74,2024-05-30
280,168,88945.13,70,2024-05-30
280,170,91040.41,76,2024-05-30
280,248,11394.05,61,2024-01-01
280,259,99082.51,28,2024-04-30
280,268,30455.43,66,2024-03-01
280,297,9326.07,56,2024-03-01
281,29,1501.64,55,2024-03-01
281,32,41443.77,95,2024-03-01
281,102,63351.19,103,2024-04-30
281,118,33885.75,46,2024-03-31
281,164,83835.02,31,2024-01-01
281,215,71944.02,63,2024-03-31
281,259,35665.99,81,2024-01-01
282,88,73696.66,118,2024-03-31
282,102,94108.29,101,2024-03-01
282,130,10216.5,85,2024-03-01
282,172,31304.29,92,2024-03-01
282,188,46869.27,120,2024-04-30
282,189,50301.02,77,2024-04-30
282,192,54677.37,120,2024-01-01
282,234,30762.06,48,2024-03-31
283,84,67058.7,82,2024-03-01
283,222,64863.37,60,2024-03-31
283,252,58204.33,49,2024-01-01
283,285,12262.41,78,2024-05-30
284,138,48219.82,28,2024-04-30
284,151,36266.46,106,2024-05-30
284,233,49612.81,113,2024-03-31
284,258,92264.78,89,2024-03-31
285,98,48572.6,47,2024-03-31
285,144,2384.1,87,2024-01-31
285,250,44444.84,110,2024-03-31
285,251,82244.17,60,2024-03-01
286,60,78226.03,88,2024-03-31
286,87,51825.62,59,2024-03-31
286,127,25727.13,68,2024-03-31
286,151,47043.78,99,2024-01-31
286,236,56806.52,90,2024-01-01
286,251,99987.27,77,2024-05-30
287,71,64773.63,116,2024-04-30
287,124,69732.23,28,2024-03-31
287,167,49653.96,77,2024-01-01
287,206,36094.47,117,2024-04-30
287,255,81482.35,92,2024-03-01
287,293,49998.3,103,2024-03-01
288,37,99474.32,113,2024-01-01
288,156,46254.94,79,2024-01-31
288,191,7732.03,18,2024-05-30
288,259,68575.24,54,2024-01-01
289,97,5617.5,61,2024-03-31
289,117,25799.66,30,2024-01-31
289,174,36020.09,39,2024-01-31
289,252,74208.87,86,2024-05-30
290,26,49929.36,72,2024-03-01
290,46,3835.95,77,2024-01-31
290,53,62068.14,100,2024-03-01
290,55,41732.19,114,2024-03-01
290,73,92261.62,87,2024-04-30
290,133,50456.67,117,2024-04-30
290,176,71188.54,66,2024-03-01
290,241,22667.98,26,2024-01-01
290,272,76336.38,79,2024-01-31
290,275,72374.58,66,2024-05-30
291,59,90504.09,39,2024-01-31
291,66,4348.34,37,2024-01-01
291,114,45302.57,75,2024-05-30
291,115,68236.38,93,2024-01-31
291,245,10421.23,38,2024-05-30
291,268,41649.8,79,2024-04-30
291,295,94272.51,50,2024-01-01
291,296,44157.51,57,2024-01-01
292,78,98555.07,49,2024-03-01
292,144,6627.07,28,2024-05-30
292,282,72065.15,58,2024-03-01
292,291,58520.61,102,2024-05-30
293,13,50553.43,42,2024-03-01
293,45,97113.89,53,2024-01-01
293,77,13835.39,78,2024-01-01
293,127,89703.9,15,2024-01-01
293,144,69432.8,38,2024-04-30
293,146,26640.61,52,2024-01-31
293,172,90265.25,71,2024-04-30
293,269,43500.2,118,2024-05-30
293,271,81608.51,117,2024-04-30
294,146,39494.82,22,2024-05-30
294,162,85242.15,54,2024-01-01
294,288,64026.28,18,2024-01-01
295,44,14963.62,104,2024-03-01
295,74,65316.65,80,2024-03-31
295,91,19943.13,110,2024-01-31
295,144,41780.34,61,2024-03-01
295,162,17859.26,55,2024-05-30
295,178,3179.6,53,2024-03-31
296,28,21976.77,120,2024-03-01
296,81,54100.83,38,2024-01-31
296,140,48674.54,65,2024-03-01
296,217,50648.21,112,2024-01-01
296,247,25521.0,58,2024-01-31
296,255,68830.96,67,2024-04-30
297,6,70722.07,120,2024-03-31
297,59,36438.81,21,2024-05-30
297,70,88235.84,56,2024-03-01
297,92,64758.3,66,2024-03-01
297,131,71590.89,21,2024-03-01
297,138,28456.65,119,2024-01-01
297,175,1060.55,40,2024-05-30
298,5,86672.19,69,2024-03-31
298,26,82420.01,31,2024-04-30
298,27,13196.0,120,2024-03-31
298,203,38036.41,64,2024-03-31
299,108,66472.59,38,2024-03-01
299,125,65558.97,95,2024-03-01
299,187,86174.68,77,2024-01-01
299,195,14886.55,57,2024-01-31
300,140,43564.04,47,2024-05-30
